INSERT INTO AL_CORE_USER ( USERNAME, USERID, PASSWORD, FULLNAME, NICENAME, FIRST_NAME, LAST_NAME,
ADDRESS, CITY, PROVINCE, COUNTRY, POSTAL_CODE, EMAIL, PHONE_NUMBER, WEBSITE, VERSION,
ENABLED ) VALUES ( 
'admin', 'admin', '21232f297a57a5a743894a0e4a801fc3', NULL, NULL, NULL, NULL, NULL
, NULL, NULL, NULL, NULL, 'rd@163.com', '13398726384', NULL, 35, 'T'); 
COMMIT;


INSERT INTO AL_CORE_ROLE ( ROLENAME, VERSION, TITLE, DESCRIPTION ) VALUES ( 
'ROLE_USER', 2355, 'ROLE_USER', 'ROLE_USER'); 
INSERT INTO AL_CORE_ROLE ( ROLENAME, VERSION, TITLE, DESCRIPTION ) VALUES ( 
'ROLE_MANAGER', 79, 'ROLE_MANAGER', 'ROLE_MANAGER'); 
INSERT INTO AL_CORE_ROLE ( ROLENAME, VERSION, TITLE, DESCRIPTION ) VALUES ( 
'ROLE_ADMIN', 532, 'ROLE_ADMIN', 'ROLE_ADMIN'); 
COMMIT;


INSERT INTO AL_CORE_USER_ROLE ( USERNAME, ROLENAME, GROUPNAME ) VALUES ( 
'admin', 'ROLE_ADMIN', NULL); 
COMMIT;





INSERT INTO AL_CORE_MENU_ITEM ( ID, PARENT_ID, ACTION, MENU_NAME, MENU_TEXT, FORWARD, LOCATION,
IMAGE, ALT_IMAGE, TARGET, POS, ALIGN, STYLE, STYLE_CLASS, ICON_CLS, IDENTIFIER, QTIP, JS_ONCLICK,
DESC_CN, VERSION, ORIG_ID, IS_LEAF, OWNER_ID ) VALUES ( 
10031, NULL, NULL, '平台管理', NULL, NULL, NULL, NULL, NULL, NULL, NULL, NULL, NULL
, NULL, NULL, 'MenuItem-10031', NULL, NULL, NULL, 1, NULL, 'T', NULL); 

INSERT INTO AL_CORE_MENU_ITEM ( ID, PARENT_ID, ACTION, MENU_NAME, MENU_TEXT, FORWARD, LOCATION,
IMAGE, ALT_IMAGE, TARGET, POS, ALIGN, STYLE, STYLE_CLASS, ICON_CLS, IDENTIFIER, QTIP, JS_ONCLICK,
DESC_CN, VERSION, ORIG_ID, IS_LEAF, OWNER_ID ) VALUES ( 
10033, NULL, NULL, '业务报表', NULL, NULL, NULL, NULL, NULL, NULL, NULL, NULL, NULL
, NULL, NULL, 'MenuItem-10033', NULL, NULL, NULL, 1, NULL, 'T', NULL); 

INSERT INTO AL_CORE_MENU_ITEM ( ID, PARENT_ID, ACTION, MENU_NAME, MENU_TEXT, FORWARD, LOCATION,
IMAGE, ALT_IMAGE, TARGET, POS, ALIGN, STYLE, STYLE_CLASS, ICON_CLS, IDENTIFIER, QTIP, JS_ONCLICK,
DESC_CN, VERSION, ORIG_ID, IS_LEAF, OWNER_ID ) VALUES ( 
10043, 10034, NULL, '国结汇总情况表', NULL, NULL, 'rpt/rptParamView.do?rptid=BOCO001'
, NULL, NULL, NULL, NULL, NULL, NULL, NULL, NULL, 'MenuItem-10043', '国结汇总情况表'
, NULL, NULL, 2, NULL, 'T', NULL); 
INSERT INTO AL_CORE_MENU_ITEM ( ID, PARENT_ID, ACTION, MENU_NAME, MENU_TEXT, FORWARD, LOCATION,
IMAGE, ALT_IMAGE, TARGET, POS, ALIGN, STYLE, STYLE_CLASS, ICON_CLS, IDENTIFIER, QTIP, JS_ONCLICK,
DESC_CN, VERSION, ORIG_ID, IS_LEAF, OWNER_ID ) VALUES ( 
10032, 10031, NULL, '系统管理', NULL, NULL, NULL, NULL, NULL, NULL, NULL, NULL, NULL
, NULL, NULL, 'MenuItem-10032', NULL, NULL, NULL, 1, NULL, 'T', NULL); 



INSERT INTO AL_CORE_MENU_ITEM ( ID, PARENT_ID, ACTION, MENU_NAME, MENU_TEXT, FORWARD, LOCATION,
IMAGE, ALT_IMAGE, TARGET, POS, ALIGN, STYLE, STYLE_CLASS, ICON_CLS, IDENTIFIER, QTIP, JS_ONCLICK,
DESC_CN, VERSION, ORIG_ID, IS_LEAF, OWNER_ID ) VALUES ( 
10035, 10032, NULL, '用户管理', NULL, NULL, '/ridex/s/listUsers.do', NULL, NULL, NULL
, NULL, NULL, NULL, NULL, NULL, 'MenuItem-10035', NULL, NULL, NULL, 1, NULL, 'T', NULL); 
INSERT INTO AL_CORE_MENU_ITEM ( ID, PARENT_ID, ACTION, MENU_NAME, MENU_TEXT, FORWARD, LOCATION,
IMAGE, ALT_IMAGE, TARGET, POS, ALIGN, STYLE, STYLE_CLASS, ICON_CLS, IDENTIFIER, QTIP, JS_ONCLICK,
DESC_CN, VERSION, ORIG_ID, IS_LEAF, OWNER_ID ) VALUES ( 
10036, 10032, NULL, '角色管理', NULL, NULL, '/ridex/s/listRoles.do', NULL, NULL, NULL
, NULL, NULL, NULL, NULL, NULL, 'MenuItem-10036', NULL, NULL, NULL, 1, NULL, 'T', NULL); 
INSERT INTO AL_CORE_MENU_ITEM ( ID, PARENT_ID, ACTION, MENU_NAME, MENU_TEXT, FORWARD, LOCATION,
IMAGE, ALT_IMAGE, TARGET, POS, ALIGN, STYLE, STYLE_CLASS, ICON_CLS, IDENTIFIER, QTIP, JS_ONCLICK,
DESC_CN, VERSION, ORIG_ID, IS_LEAF, OWNER_ID ) VALUES ( 
10037, 10032, NULL, '菜单管理', NULL, NULL, '/ridex/s/listMenutrees.do', NULL, NULL
, NULL, NULL, NULL, NULL, NULL, NULL, 'MenuItem-10037', NULL, NULL, NULL, 1, NULL
, 'T', NULL); 
INSERT INTO AL_CORE_MENU_ITEM ( ID, PARENT_ID, ACTION, MENU_NAME, MENU_TEXT, FORWARD, LOCATION,
IMAGE, ALT_IMAGE, TARGET, POS, ALIGN, STYLE, STYLE_CLASS, ICON_CLS, IDENTIFIER, QTIP, JS_ONCLICK,
DESC_CN, VERSION, ORIG_ID, IS_LEAF, OWNER_ID ) VALUES ( 
10038, 10032, NULL, '资源管理', NULL, NULL, '/ridex/s/listPermissions.do', NULL, NULL
, NULL, NULL, NULL, NULL, NULL, NULL, 'MenuItem-10038', NULL, NULL, NULL, 1, NULL
, 'T', NULL); 
INSERT INTO AL_CORE_MENU_ITEM ( ID, PARENT_ID, ACTION, MENU_NAME, MENU_TEXT, FORWARD, LOCATION,
IMAGE, ALT_IMAGE, TARGET, POS, ALIGN, STYLE, STYLE_CLASS, ICON_CLS, IDENTIFIER, QTIP, JS_ONCLICK,
DESC_CN, VERSION, ORIG_ID, IS_LEAF, OWNER_ID ) VALUES ( 
10039, 10032, NULL, '机构管理', NULL, NULL, '/ridex/s/listOrgtrees.do', NULL, NULL
, NULL, NULL, NULL, NULL, NULL, NULL, 'MenuItem-10039', '机构管理', NULL, NULL, 3
, NULL, 'T', NULL); 



INSERT INTO AL_CORE_MENU_ITEM ( ID, PARENT_ID, ACTION, MENU_NAME, MENU_TEXT, FORWARD, LOCATION,
IMAGE, ALT_IMAGE, TARGET, POS, ALIGN, STYLE, STYLE_CLASS, ICON_CLS, IDENTIFIER, QTIP, JS_ONCLICK,
DESC_CN, VERSION, ORIG_ID, IS_LEAF, OWNER_ID ) VALUES ( 
10034, 10033, NULL, '国际业务部', NULL, NULL, NULL, NULL, NULL, NULL, NULL, NULL, NULL
, NULL, NULL, 'MenuItem-10034', NULL, NULL, NULL, 1, NULL, 'T', NULL); 



INSERT INTO AL_CORE_MENU_ITEM ( ID, PARENT_ID, ACTION, MENU_NAME, MENU_TEXT, FORWARD, LOCATION,
IMAGE, ALT_IMAGE, TARGET, POS, ALIGN, STYLE, STYLE_CLASS, ICON_CLS, IDENTIFIER, QTIP, JS_ONCLICK,
DESC_CN, VERSION, ORIG_ID, IS_LEAF, OWNER_ID ) VALUES ( 
10040, 10034, NULL, '结售汇情况统计表', NULL, NULL, 'tools/defaultviewer.jsp?file=BOCO001.xml'
, NULL, NULL, NULL, NULL, NULL, NULL, NULL, NULL, 'MenuItem-10040', '结售汇情况统计表'
, NULL, NULL, 5, NULL, 'T', NULL); 

INSERT INTO AL_CORE_MENU_ITEM ( ID, PARENT_ID, ACTION, MENU_NAME, MENU_TEXT, FORWARD, LOCATION,
IMAGE, ALT_IMAGE, TARGET, POS, ALIGN, STYLE, STYLE_CLASS, ICON_CLS, IDENTIFIER, QTIP, JS_ONCLICK,
DESC_CN, VERSION, ORIG_ID, IS_LEAF, OWNER_ID ) VALUES ( 
10041, 10032, NULL, '报表管理', NULL, NULL, '/ridex/rpt/rptmagr.do', NULL, NULL, NULL
, NULL, NULL, NULL, NULL, NULL, 'MenuItem-10041', NULL, NULL, NULL, 2, NULL, 'T', NULL); 

INSERT INTO AL_CORE_MENU_ITEM ( ID, PARENT_ID, ACTION, MENU_NAME, MENU_TEXT, FORWARD, LOCATION,
IMAGE, ALT_IMAGE, TARGET, POS, ALIGN, STYLE, STYLE_CLASS, ICON_CLS, IDENTIFIER, QTIP, JS_ONCLICK,
DESC_CN, VERSION, ORIG_ID, IS_LEAF, OWNER_ID ) VALUES ( 
10044, 10033, NULL, '市场分析报表', NULL, NULL, NULL, NULL, NULL, NULL, NULL, NULL
, NULL, NULL, NULL, 'MenuItem-10044', NULL, NULL, NULL, 1, NULL, 'T', NULL); 

INSERT INTO AL_CORE_MENU_ITEM ( ID, PARENT_ID, ACTION, MENU_NAME, MENU_TEXT, FORWARD, LOCATION,
IMAGE, ALT_IMAGE, TARGET, POS, ALIGN, STYLE, STYLE_CLASS, ICON_CLS, IDENTIFIER, QTIP, JS_ONCLICK,
DESC_CN, VERSION, ORIG_ID, IS_LEAF, OWNER_ID ) VALUES ( 
10045, 10044, NULL, '市场关键指标日报表', NULL, NULL, 'rpt/rptParamView.do?rptid=DKEY00001'
, NULL, NULL, NULL, NULL, NULL, NULL, NULL, NULL, 'MenuItem-10045', '市场关键指标日报表'
, NULL, NULL, 2, NULL, 'T', NULL); 
COMMIT;





INSERT INTO AL_CORE_MENU_ITEM_ROLE ( MENU_ITEM_ID, ROLENAME ) VALUES ( 
10031, 'ROLE_ADMIN'); 
INSERT INTO AL_CORE_MENU_ITEM_ROLE ( MENU_ITEM_ID, ROLENAME ) VALUES ( 
10031, 'ROLE_MANAGER'); 
INSERT INTO AL_CORE_MENU_ITEM_ROLE ( MENU_ITEM_ID, ROLENAME ) VALUES ( 
10032, 'ROLE_ADMIN'); 
INSERT INTO AL_CORE_MENU_ITEM_ROLE ( MENU_ITEM_ID, ROLENAME ) VALUES ( 
10032, 'ROLE_MANAGER'); 
INSERT INTO AL_CORE_MENU_ITEM_ROLE ( MENU_ITEM_ID, ROLENAME ) VALUES ( 
10033, 'ROLE_USER'); 
INSERT INTO AL_CORE_MENU_ITEM_ROLE ( MENU_ITEM_ID, ROLENAME ) VALUES ( 
10035, 'ROLE_ADMIN'); 
INSERT INTO AL_CORE_MENU_ITEM_ROLE ( MENU_ITEM_ID, ROLENAME ) VALUES ( 
10036, 'ROLE_ADMIN'); 
INSERT INTO AL_CORE_MENU_ITEM_ROLE ( MENU_ITEM_ID, ROLENAME ) VALUES ( 
10034, 'ROLE_USER'); 
INSERT INTO AL_CORE_MENU_ITEM_ROLE ( MENU_ITEM_ID, ROLENAME ) VALUES ( 
10040, 'ROLE_USER'); 
INSERT INTO AL_CORE_MENU_ITEM_ROLE ( MENU_ITEM_ID, ROLENAME ) VALUES ( 
10039, 'ROLE_ADMIN'); 
INSERT INTO AL_CORE_MENU_ITEM_ROLE ( MENU_ITEM_ID, ROLENAME ) VALUES ( 
10038, 'ROLE_ADMIN'); 
INSERT INTO AL_CORE_MENU_ITEM_ROLE ( MENU_ITEM_ID, ROLENAME ) VALUES ( 
10035, 'ROLE_MANAGER'); 
INSERT INTO AL_CORE_MENU_ITEM_ROLE ( MENU_ITEM_ID, ROLENAME ) VALUES ( 
10037, 'ROLE_ADMIN'); 
INSERT INTO AL_CORE_MENU_ITEM_ROLE ( MENU_ITEM_ID, ROLENAME ) VALUES ( 
10033, 'ROLE_ADMIN'); 
INSERT INTO AL_CORE_MENU_ITEM_ROLE ( MENU_ITEM_ID, ROLENAME ) VALUES ( 
10034, 'ROLE_ADMIN'); 
INSERT INTO AL_CORE_MENU_ITEM_ROLE ( MENU_ITEM_ID, ROLENAME ) VALUES ( 
10040, 'ROLE_ADMIN'); 
INSERT INTO AL_CORE_MENU_ITEM_ROLE ( MENU_ITEM_ID, ROLENAME ) VALUES ( 
10036, 'ROLE_MANAGER'); 
INSERT INTO AL_CORE_MENU_ITEM_ROLE ( MENU_ITEM_ID, ROLENAME ) VALUES ( 
10039, 'ROLE_MANAGER'); 
INSERT INTO AL_CORE_MENU_ITEM_ROLE ( MENU_ITEM_ID, ROLENAME ) VALUES ( 
10038, 'ROLE_MANAGER'); 
INSERT INTO AL_CORE_MENU_ITEM_ROLE ( MENU_ITEM_ID, ROLENAME ) VALUES ( 
10037, 'ROLE_MANAGER'); 
COMMIT;


INSERT INTO AL_RPT_PARAM_DEF ( INTER_ID, RPT_ID, RPT_NAME, PARAM_NAME, PARAM_TITLE, PARAM_DESC,
RPT_FREQ, PARAM_TYPE, PARAM_REF, INCL_VALS, EXCL_VALS, PARAM_FORMAT, PARAM_JSON, PARAM_TIP, DFT_VAL,
P_SORT, IS_FREQ, IS_NEED, IS_PROMPT, IS_DISPLAY ) VALUES ( 
10020, 'DKEY00001', NULL, 'datadate', '日期', '日期', NULL, 'datefield', '600', NULL
, NULL, NULL, NULL, '单位', NULL, 1, 'N', 'Y', 'Y', 'Y'); 
INSERT INTO AL_RPT_PARAM_DEF ( INTER_ID, RPT_ID, RPT_NAME, PARAM_NAME, PARAM_TITLE, PARAM_DESC,
RPT_FREQ, PARAM_TYPE, PARAM_REF, INCL_VALS, EXCL_VALS, PARAM_FORMAT, PARAM_JSON, PARAM_TIP, DFT_VAL,
P_SORT, IS_FREQ, IS_NEED, IS_PROMPT, IS_DISPLAY ) VALUES ( 
10012, 'UA1450', NULL, 'CNY', '币种', '币种', NULL, 'combo', '600', NULL, NULL, NULL
, NULL, '币种', NULL, 1, 'N', 'Y', 'Y', 'Y'); 
INSERT INTO AL_RPT_PARAM_DEF ( INTER_ID, RPT_ID, RPT_NAME, PARAM_NAME, PARAM_TITLE, PARAM_DESC,
RPT_FREQ, PARAM_TYPE, PARAM_REF, INCL_VALS, EXCL_VALS, PARAM_FORMAT, PARAM_JSON, PARAM_TIP, DFT_VAL,
P_SORT, IS_FREQ, IS_NEED, IS_PROMPT, IS_DISPLAY ) VALUES ( 
10010, 'UA1450', NULL, 'unit', '单位', '单位', NULL, 'combo', '600', NULL, NULL, NULL
, NULL, '单位', NULL, 1, 'N', 'Y', 'Y', 'Y'); 
INSERT INTO AL_RPT_PARAM_DEF ( INTER_ID, RPT_ID, RPT_NAME, PARAM_NAME, PARAM_TITLE, PARAM_DESC,
RPT_FREQ, PARAM_TYPE, PARAM_REF, INCL_VALS, EXCL_VALS, PARAM_FORMAT, PARAM_JSON, PARAM_TIP, DFT_VAL,
P_SORT, IS_FREQ, IS_NEED, IS_PROMPT, IS_DISPLAY ) VALUES ( 
10011, 'UA1450', NULL, 'freq', '频率', '频率', '{''dft'':''ym'',''items'':[{''value'':''ymd'',''text'':''日报''},{''value'':''ym'',''text'':''月报''},{''text'':''季报'',''value'':''yq''},{''text'':''年报'',''value'':''y''},{''text'':''半年报'',''value'':''ys''}]}'
, 'combo', '100', NULL, NULL, NULL, NULL, '频率', NULL, 1, 'N', 'Y', 'Y', 'Y'); 
INSERT INTO AL_RPT_PARAM_DEF ( INTER_ID, RPT_ID, RPT_NAME, PARAM_NAME, PARAM_TITLE, PARAM_DESC,
RPT_FREQ, PARAM_TYPE, PARAM_REF, INCL_VALS, EXCL_VALS, PARAM_FORMAT, PARAM_JSON, PARAM_TIP, DFT_VAL,
P_SORT, IS_FREQ, IS_NEED, IS_PROMPT, IS_DISPLAY ) VALUES ( 
10015, 'UA1450', NULL, 'datadate', '日期', '日期', NULL, 'datefield', '100', NULL
, NULL, NULL, NULL, '日期', NULL, 1, 'Y', 'Y', 'Y', 'Y'); 
INSERT INTO AL_RPT_PARAM_DEF ( INTER_ID, RPT_ID, RPT_NAME, PARAM_NAME, PARAM_TITLE, PARAM_DESC,
RPT_FREQ, PARAM_TYPE, PARAM_REF, INCL_VALS, EXCL_VALS, PARAM_FORMAT, PARAM_JSON, PARAM_TIP, DFT_VAL,
P_SORT, IS_FREQ, IS_NEED, IS_PROMPT, IS_DISPLAY ) VALUES ( 
10025, 'DKEY00001', '市场关键指标日报表', 'parea', '地市', '地市', NULL, 'combo', '800'
, NULL, NULL, NULL, NULL, '地市', NULL, 2, 'N', 'Y', 'Y', 'Y'); 
COMMIT;




